gen,best,mean,std,spread,clear_rate,best_time,best_damage,best_acc,mean_acc,mean_peek_flips,mean_peek_hold,mean_cover_time,mean_aim_x_std,mean_aim_y_std,mean_aim_span_x,mean_aim_span_y,mean_aim_dx,mean_hit_delta,mean_shot_left_frac,mean_shot_mid_frac,mean_shot_right_frac,sigma_used
0,-8.51604198519626,-162.401174406304,75.2127270516155,277.640265405996,0,2046,1,0.0512820512820513,0.0121540496540497,9.93333333333333,11.8,14.8666666666667,0.121589758555846,0.128958065667491,0.428977831348459,0.441547486949302,0.0757679914951811,163.258904980993,0.603789722531141,0.320231017725297,0.0759792597435618,0.1
1,1699.47248155603,-94.4022110077949,340.428272648681,1980.6971154395,0.0333333333333333,-284,0,0.277777777777778,0.0236227626503621,10.3333333333333,12.1333333333333,15.4333333333333,0.138818939417838,0.116152864895056,0.482100884223311,0.416902920848235,0.0825964637908216,150.948376704458,0.531544201429785,0.327514763006893,0.140941035563322,0.1
2,12.4408550885962,-95.2201229489648,49.1063477746808,213.038469277348,0,2044,1,0.05,0.0321874843216307,9.33333333333333,10.6,14,0.177366512047527,0.139811114392021,0.617869113464588,0.513786528482901,0.104581255621193,121.481470880595,0.321011491663666,0.482839954610898,0.196148553725436,0.1
3,201.934778121775,-92.328028883378,92.1956451256683,416.482108891534,0,952,3,0.117647058823529,0.0276511223570047,9.5,11.2,14.2,0.160786371561563,0.126984275929592,0.56323928844052,0.485352420226281,0.093772023908731,142.412872798052,0.358656274103845,0.406199623290416,0.235144102605739,0.1
4,33.6270934609924,-83.123963284508,58.9298067043367,283.22210713104,0,2044,2,0.0540540540540541,0.0310991688411043,10.4,12.0666666666667,15.6,0.152556431659822,0.145368821628566,0.549459896381867,0.54541899811755,0.0921966203155049,142.205155189931,0.303829973624024,0.415639194283913,0.280530832092063,0.1
5,2033.05425685426,27.6400175711226,497.6564483178,2257.69339608007,0.0666666666666667,-690,0,0.272727272727273,0.0367288312101762,9.73333333333333,11.4,14.6333333333333,0.150629364111201,0.145471750942056,0.538717532764779,0.523819992177237,0.0964000732978482,134.690843234214,0.31151915416199,0.433040376415568,0.255440469422442,0.1
6,107.361559014508,-90.9319884904602,83.3105752577468,357.365157581166,0,2046,2,0.105263157894737,0.0366640674021932,10.8,12.0666666666667,16.1333333333333,0.155341706283906,0.137474845611939,0.565762261037995,0.488544881543658,0.088040476394763,137.270713068762,0.433514771136722,0.345085150813788,0.221400078049489,0.1
7,115.925363288114,-44.299207463363,56.3909369041101,260.173888130026,0,2044,2,0.0833333333333333,0.0461156999962407,10.2666666666667,11.5333333333333,15.4,0.159070434192697,0.149501704841192,0.586302035477476,0.585903490523083,0.0914185358930038,122.014971993718,0.338155425440061,0.432453160966412,0.229391413593527,0.1
8,138.248585826117,-38.2988895781944,64.3862887886927,346.763627251902,0,2046,2,0.0810810810810811,0.0436606701526056,10.2666666666667,11.7333333333333,15.4,0.162991585757365,0.140574144889072,0.593624468616037,0.538735948559764,0.0941940932389953,125.414954906832,0.325966952997107,0.408673736696177,0.265359310306716,0.1
9,2053.39711399711,84.133093597612,499.885508349753,2215.14549767553,0.0666666666666667,-690,0,0.272727272727273,0.05389437016372,11.0666666666667,12.6666666666667,16.6,0.189449518499623,0.155315541192521,0.659807985073441,0.57290246404146,0.11468296711914,134.92387173428,0.401371586015549,0.358408817478892,0.240219596505559,0.1
10,129.230076597279,-48.3539237019616,89.6841198440105,412.476389222466,0,1230,3,0.166666666666667,0.0471116094286826,11.0666666666667,12.4,16.6333333333333,0.171499383187402,0.12813633305066,0.601228735501134,0.509456626787452,0.103518128879699,135.314892588242,0.392700804413424,0.463438327566111,0.143860868020465,0.1
11,111.92186477534,-60.8170195741832,69.2418171144288,301.905280613315,0,2044,1,0.0769230769230769,0.0298735406494027,11.5666666666667,13.4,17.3333333333333,0.16718174814386,0.170484335564639,0.565837014524506,0.646988920026912,0.090888970072739,145.647779221598,0.409138980776912,0.306649834753283,0.284211184469805,0.1
12,110.518413166258,-42.5640567007213,85.5633203319418,380.848494467071,0,1764,3,0.111111111111111,0.0375181225181225,10.9666666666667,12.6666666666667,18.8,0.177101580847945,0.175490811073075,0.64497787057374,0.657728453509001,0.0997278232247593,142.674061872901,0.316855234355234,0.496845581845582,0.186299183799184,0.1
13,1873.10668340647,35.019419045863,350.278254487188,2036.17861011231,0.0333333333333333,-442,0,0.2,0.0484299207469939,10.3333333333333,11.7333333333333,15.5,0.184686268078824,0.152546765110437,0.629598136347997,0.603636800653285,0.104950228916017,124.876520848536,0.476684803421283,0.350470175255435,0.172845021323282,0.1
14,116.015902175966,-47.0519151230686,78.6526187302849,401.345983476779,0,1374,3,0.166666666666667,0.0324498309112786,10.1333333333333,11.7333333333333,17.5666666666667,0.20172535612473,0.148271684643266,0.699844081639232,0.571425528824236,0.102980212177414,140.612535543426,0.323945878903991,0.38382602013242,0.292228100963588,0.1
15,113.608416246063,-16.022925925959,69.6311224022875,283.361110019835,0,2046,1,0.0833333333333333,0.0439050689050689,11.1333333333333,12.6666666666667,16.6666666666667,0.166979954503952,0.169575273015467,0.604684799599504,0.633383753910686,0.0992750394155885,125.054403715055,0.356016296016296,0.427358612793395,0.216625091190309,0.1
16,130.179918853705,-49.0107167224245,92.7975652841454,368.91587544551,0,2044,1,0.102564102564103,0.0372128997128997,10.9666666666667,12.6666666666667,16.3666666666667,0.186215136553197,0.16399354088413,0.647290555404476,0.641008169132067,0.098270587623017,134.648148946825,0.347574178335048,0.388068138611617,0.264357683053335,0.1
17,1750.39136518545,71.4358168279444,318.474102342407,1869.19359375557,0.0333333333333333,-282,0,0.222222222222222,0.0605860498640319,10.7,12.2,16.0333333333333,0.184832712183578,0.170299926478647,0.652332225470013,0.671168215643094,0.093972235762157,100.284746945055,0.418464901407453,0.372374341131384,0.209160757461163,0.1
18,1673.57537961687,63.3793147030645,311.099727693833,1832.57309424893,0.0333333333333333,-300,0,0.166666666666667,0.0484895386936088,11.1333333333333,12.5333333333333,16.7333333333333,0.193306572733803,0.163229323029254,0.721039885967766,0.63608881267226,0.0996291409895743,120.999274901868,0.293754776884544,0.398014287983993,0.308230935131464,0.1
19,1800.64182041167,117.29672743952,405.702031371386,2004.15569887153,0.0666666666666667,-352,0,0.166666666666667,0.0560517944204385,10.6333333333333,11.9333333333333,15.9,0.177156891925306,0.190023648163275,0.647267007998597,0.698393753826202,0.0859699122464934,119.46575801464,0.345085087038385,0.412616541868108,0.242298371093507,0.1
20,94.9592885124729,-14.4624524442926,70.2940924877489,294.687612428881,0,2046,0,0.0476190476190476,0.0350744292506306,10.8666666666667,12.5333333333333,17.0333333333333,0.205299383232169,0.168678539320675,0.732100789692898,0.633273905240911,0.104725577567052,125.009413650418,0.277665923146472,0.302434271976606,0.419899804876922,0.1
21,2520.22222222222,175.596212028346,590.020350255202,2671.35689612229,0.0666666666666667,-918,0,0.5,0.0676075753652915,11.0333333333333,12.4666666666667,16.5666666666667,0.188151529954847,0.174092474179403,0.69232133797064,0.655826303106803,0.100812481072826,110.40286608895,0.34609706915771,0.342936592274512,0.310966338567779,0.1
22,1752.30766252742,108.633356953015,425.375939373579,1907.05133219474,0.0666666666666667,-364,0,0.166666666666667,0.0517765567765568,10.9,12.3333333333333,16.3333333333333,0.18812286441244,0.167623658259402,0.691560132432227,0.659678450543097,0.104827317636965,123.546948146656,0.416792231792232,0.328609395348526,0.254598372859242,0.1
23,1671.75758835988,66.9305222443411,303.776047499058,1811.05272525355,0.0333333333333333,-330,0,0.166666666666667,0.0511778097448829,10.9666666666667,12.3333333333333,16.4333333333333,0.199468330756311,0.167293464041977,0.726884946673088,0.65873349265899,0.0986376591120114,111.401470372019,0.417467771309235,0.374626113315138,0.207906115375628,0.1
24,1745.72905720055,56.1888180111549,326.318529450728,1943.01815790579,0.0333333333333333,-306,0,0.222222222222222,0.0462809424709653,12.3,13.8666666666667,18.4333333333333,0.190640912980182,0.18255616798029,0.691894718703717,0.685568262544711,0.0986386290548696,123.15776105303,0.416475885201494,0.282814169729292,0.300709945069214,0.1
25,2180.28499419351,77.8416711186649,396.077479426209,2379.36507549433,0.0333333333333333,-658,0,0.25,0.0514952192845931,11.0666666666667,12.4666666666667,16.5333333333333,0.207985638330907,0.183724769814625,0.749593992401231,0.686465563436264,0.110291440645708,121.393860825043,0.328097973187487,0.381982462471284,0.289919564341229,0.1
26,127.767400889137,3.79024904288477,84.3109705472515,298.282550233613,0,2044,2,0.105263157894737,0.0402648264752529,12.7,14.4,19.1,0.211690240233391,0.177187120801242,0.772221652779588,0.689123571938662,0.121453757185717,123.245783991938,0.44590583625688,0.318605609969663,0.235488553773457,0.1
27,111.810199882422,-6.84436973701491,64.8357752593335,277.701260662966,0,2044,0,0.0476190476190476,0.0311580742830743,11.2666666666667,13,16.8333333333333,0.179169069810495,0.184847443718015,0.669893900441322,0.667848486380409,0.105324680907324,121.383990077268,0.441990685740686,0.307727098216229,0.250282216043086,0.1
28,1451.39024950166,45.7492541704677,270.244867971668,1605.84916580985,0.0333333333333333,-122,0,0.142857142857143,0.0391321487662951,11.8333333333333,13.4,18.4,0.226510911734948,0.186493190064426,0.811529555395593,0.704454702575046,0.12527233026143,123.782394116696,0.395133788639886,0.308085750687819,0.296780460672295,0.1
29,161.850657676106,14.3617544994925,96.7833722005924,439.680738976919,0,2046,1,0.1,0.0403740309527786,12.0333333333333,13.4,21.9333333333333,0.212600193510181,0.187694972728769,0.753829141148438,0.720414609854652,0.105749293219387,121.162748421232,0.434610628794071,0.332670406612326,0.232718964593604,0.1
30,1754.74356810027,94.3308408771306,318.280748796524,1837.8128152221,0.0333333333333333,-334,0,0.166666666666667,0.0570129828971292,10.5333333333333,11.6,15.8333333333333,0.216224127244105,0.204094763318465,0.792594800968397,0.75756018938231,0.118059771515053,114.59774227217,0.434529449255059,0.371082853309789,0.194387697435152,0.1
31,146.34379776602,23.2088295111922,71.0270733053442,270.508283717528,0,2044,0,0.0714285714285714,0.038338491067324,11.7,13.3333333333333,17.6,0.233658301208201,0.204302045884864,0.820786053683077,0.750409281471191,0.127006007239703,121.422409265509,0.540586433219919,0.309390245477202,0.150023321302879,0.1
32,2561.15555555556,91.3422991701534,464.504152775564,2696.49021720649,0.0333333333333333,-914,0,0.5,0.0591435306711302,11.4,12.2,17.1333333333333,0.212864153683464,0.200853962676591,0.76917982069614,0.749153715702788,0.108507223383341,125.526374841065,0.395267777954612,0.340935073657279,0.263797148388109,0.1
33,184.906974528184,30.2856168871591,75.7829086546954,349.976275194773,0,1230,3,0.166666666666667,0.0516116962628655,10.7333333333333,11.9333333333333,18.7666666666667,0.2135682403138,0.178246389102593,0.780595205351302,0.665092431188052,0.105165128794984,111.711186585771,0.418624788842738,0.306117808682273,0.275257402474989,0.1
34,1386.04083008177,45.5058687473258,264.165665602499,1588.87091138258,0.0333333333333333,-208,1,0.166666666666667,0.0396801693143156,11.1,12.2,16.8666666666667,0.22694813124056,0.189364365260385,0.801524075180109,0.695986417134892,0.109254121827517,133.747198838333,0.325535166749377,0.298458952729897,0.376005880520727,0.1
35,2051.40981240981,151.000415959463,480.155003394561,2210.30325710373,0.0666666666666667,-688,0,0.272727272727273,0.0524295475084571,10.6666666666667,12.0666666666667,16.4,0.224639082547326,0.208462270017919,0.793087305754295,0.775584234519253,0.119762649956333,115.788554198322,0.433436939393991,0.349249732925112,0.217313327680897,0.1
36,1507.53323348699,69.7490347777361,282.173201917971,1698.36331478781,0.0333333333333333,-102,0,0.136363636363636,0.0491323361172022,11.5333333333333,13,17.3,0.242223834852868,0.200485062901443,0.837703927599712,0.762823063937744,0.111366062353622,124.521748251463,0.289443497795525,0.29322254553935,0.417333956665125,0.1
37,171.993487450048,38.3776472587827,78.4724680253313,316.072696432839,0,2046,2,0.111111111111111,0.0473486236853047,11.3333333333333,12.5333333333333,17.0333333333333,0.219941477449729,0.206032436287345,0.797727791112078,0.748186483364213,0.107351805487263,114.714761213194,0.487752740887137,0.291941483845451,0.220305775267412,0.1
38,1418.05249773797,81.30305934309,260.930266912113,1581.07554713745,0.0333333333333333,-302,1,0.166666666666667,0.0489048339048339,10.2666666666667,11.7333333333333,15.4333333333333,0.22403713422787,0.202001130182549,0.810339262677386,0.756512091097962,0.117583251412872,124.268539896408,0.463088905852064,0.329412404938721,0.207498689209216,0.1
39,1662.84452298062,69.6749004899487,306.836840952254,1828.54794267505,0.0333333333333333,-360,0,0.166666666666667,0.0432714166924693,11,12.3333333333333,17.8666666666667,0.214619210925958,0.191043053375083,0.780694199655355,0.732556906279811,0.102804501920515,126.224705999077,0.419780469974978,0.271578604038558,0.308640925986464,0.1
40,1843.69160738597,219.93318035851,511.522342140167,1907.74207135262,0.1,-304,0,0.222222222222222,0.0667508305008305,9.93333333333333,11.4,16.7333333333333,0.201203935626146,0.202735954103508,0.732378884413448,0.739561944509465,0.113173206725704,91.9658608137467,0.596871858121858,0.29924764049764,0.103880501380501,0.1
41,190.699054610166,43.1553851955156,66.6622676163195,346.478343408282,0,2046,2,0.108108108108108,0.0481573117166338,12.0666666666667,13.6,18.0666666666667,0.221658457920643,0.223516651417639,0.777690456680855,0.796764861711895,0.115290997354605,112.641393325593,0.54512130635012,0.270851934680232,0.184026758969648,0.1
42,1557.6303030303,220.616886656206,485.192805092152,1812.96038433112,0.133333333333333,-106,0,0.136363636363636,0.0534464496945771,9.93333333333333,11,16.9,0.243441824312625,0.222802295608186,0.83104996064089,0.790287062194872,0.129329604169512,109.767355599012,0.434234808896651,0.314921947083029,0.217509910686987,0.1
43,200.903922125559,27.9737938147966,96.5015169811715,431.287009302727,0,620,3,0.133333333333333,0.0447447756219686,11.9333333333333,13.4666666666667,17.8666666666667,0.237660136851295,0.198380731145393,0.837544731247945,0.743992367494601,0.123415523228348,117.964653201567,0.411439663588786,0.304645757189617,0.283914579221597,0.1
44,2202.68888888889,99.8783975679376,398.274058561634,2363.79846324365,0.0333333333333333,-614,0,0.25,0.0475987583285309,11.7333333333333,12.8,18.6333333333333,0.212660665849535,0.201529959392816,0.756814140018076,0.727188860814609,0.110717263932645,116.632802154737,0.3984010532194,0.318621925781296,0.282977020999304,0.1
45,2494.16923076923,158.779457622984,546.445881262754,2779.49931207004,0.0666666666666667,-892,0,0.5,0.0507968276478535,10.5,11.8666666666667,19.1333333333333,0.222806717795803,0.211318905855882,0.777668308311568,0.763033962075914,0.123953854887929,113.279125391349,0.479985060221553,0.28931514742553,0.230699792352917,0.1
46,2154.77443609023,168.342609231399,413.626916949808,2219.90784100135,0.0666666666666667,-734,0,0.333333333333333,0.0664988064988065,10.9333333333333,12.2,16.4,0.228719646917226,0.228832404267903,0.79704525637343,0.835589779434638,0.130418642990165,93.6594647364655,0.465858550858551,0.340724569528917,0.193416879612532,0.1
47,125.590652557319,25.582714765549,81.5542980315669,305.920733858132,0,2044,0,0.0476190476190476,0.0364916564916565,10.9333333333333,12.4666666666667,16.3666666666667,0.239963411659125,0.209344541509584,0.812969249116557,0.76054781624501,0.117650002661037,130.520876808021,0.370612268981834,0.310160537986625,0.319227193031541,0.1
48,2054.58060606061,147.15312320711,480.983265153211,2189.9631718969,0.0666666666666667,-692,0,0.272727272727273,0.0520606254816781,10.2,11.6666666666667,15.3333333333333,0.217515196641858,0.197153573247692,0.781910005449745,0.738668774451629,0.107996233163387,117.128884184285,0.457029034683497,0.303515321135458,0.239455644181045,0.1
49,208.229038733028,42.3677839140204,76.7946368998015,355.889783991327,0,2048,2,0.166666666666667,0.0469479838992034,11.3333333333333,12.8666666666667,17,0.226825615968297,0.221697176937515,0.77861596866568,0.76841208178552,0.129012537814785,109.747170423309,0.54810358983379,0.272037267554095,0.179859142612115,0.1
50,192.735300222793,40.251284784904,77.5015907230138,332.942432506442,0,796,3,0.166666666666667,0.0446298630205845,11.1333333333333,12.8,16.7,0.240243950975485,0.211271731990808,0.827796809462546,0.724803214948746,0.12638034510018,121.10686496513,0.455463693626514,0.314963566791357,0.229572739582129,0.1
51,224.468292682927,52.3880425996572,73.9316639239922,383.733344081746,0,2046,2,0.166666666666667,0.0510747844808607,12.3,12.8666666666667,19.2666666666667,0.224231687466427,0.238381770829589,0.794966336390376,0.832150304846794,0.114649670685168,117.893106804878,0.484163772515292,0.289403389268601,0.226432838216107,0.1
52,1564.94471245781,105.074050461288,282.00570037624,1719.29453672802,0.0333333333333333,-102,0,0.181818181818182,0.0541548483653747,10.8,12.2666666666667,16.2333333333333,0.198966195126846,0.200593696549668,0.728663839802554,0.75622585194941,0.103739541427601,108.26496762513,0.528583765162713,0.291768098707458,0.17964813612983,0.1
53,1903.38440995588,124.034027560577,387.564135239425,2060.16695897797,0.0666666666666667,-354,0,0.222222222222222,0.0514921398626746,10.7,12.2666666666667,16.0666666666667,0.206438963981507,0.213363351281261,0.759915183191498,0.775708774253336,0.112028220472717,118.026749640827,0.502813204784067,0.304394624048413,0.19279217116752,0.1
54,2048.07647907648,165.741491653522,467.551609493024,2182.07203312131,0.0666666666666667,-688,0,0.272727272727273,0.053713121673648,10.5666666666667,12.2,15.9,0.222177363754052,0.214389234063822,0.783521939032668,0.766147880203784,0.11679793287289,110.585436563601,0.468155570123534,0.357737253898581,0.174107175977885,0.1
55,1850.45735294118,209.340939962342,465.82926804494,2009.33679391467,0.1,-352,0,0.166666666666667,0.0517272101580208,10.8333333333333,12.4666666666667,16.2333333333333,0.213418293377371,0.209202227154274,0.79161415909338,0.759693564784174,0.123706845868313,97.0164441902533,0.474021023323929,0.388288962764386,0.137690013911685,0.1
56,2192.71674791006,214.160303001419,547.535765753541,2344.24264667215,0.1,-658,0,0.25,0.0631587626846248,10.7,11.4,16,0.226555481497347,0.214759820318989,0.808519330319271,0.77926804975091,0.122695951572566,109.708455336138,0.394201083140738,0.393833181988354,0.211965734870907,0.1
57,284.175,57.3691790240009,95.1033922097104,410.95933575203,0,1762,3,0.166666666666667,0.052715415675942,11.8,12.8666666666667,17.7,0.213652776402131,0.201589021166486,0.774929368083216,0.727414060267361,0.11640112043812,112.384911161734,0.385401758064802,0.283615142287911,0.330983099647287,0.1
58,2179.208,346.93143904958,672.161332562129,2335.41223596609,0.166666666666667,-590,0,0.25,0.0670383945779798,10.8,12.4,18.7666666666667,0.22846775755181,0.250883561632294,0.816156938999737,0.864718366811996,0.136258855879469,104.856508601002,0.523902386661642,0.299214709349634,0.176882903988725,0.1
59,1789.49138520981,91.599359887855,330.039477007184,1988.80315788663,0.0333333333333333,-356,0,0.166666666666667,0.0474951822870218,11.5,12.7333333333333,17.2,0.220552772380009,0.189338809339122,0.780441596834714,0.711083712698152,0.119183132429246,113.292598180391,0.406689142875129,0.285511777852144,0.307799079272727,0.1
60,135.321531701193,59.4792511870956,84.9211515680354,369.300198367859,0,1480,3,0.0740740740740741,0.0488275856080401,11.8666666666667,13,17.8333333333333,0.225611507910137,0.216189590048751,0.775156569089374,0.808832381252001,0.130573435947145,105.791786633811,0.487632381414035,0.318960565736855,0.193407052849109,0.1
61,2185.208,102.990381021263,398.688614639026,2460.53808130081,0.0333333333333333,-590,0,0.25,0.0462116512116512,10.1333333333333,10.7333333333333,16.0666666666667,0.212414848134999,0.229679305539414,0.759835420554864,0.809386947542422,0.109083684957867,118.563291437462,0.456819046710351,0.328087562815824,0.215093390473825,0.1
62,182.868415451494,46.6458644144965,59.710435013901,289.660527944026,0,1230,3,0.166666666666667,0.0400693435686896,12,13.3333333333333,17.9666666666667,0.212535814657497,0.247622286263799,0.751722343932704,0.834074231798585,0.122315906294047,115.587242417181,0.531484290180117,0.278214962229424,0.190300747590459,0.1
63,204.988911557509,38.6255691556773,87.27562102864,460.318992858322,0,2048,1,0.166666666666667,0.0455520547523952,12.2,13.7333333333333,21.1,0.23763739178289,0.221310651866209,0.806794663832491,0.83183637929199,0.126526452944516,130.628569969374,0.389815057710199,0.339202446379099,0.237649162577369,0.1
64,2163.34566392001,105.633712653889,394.003445649619,2418.67574522082,0.0333333333333333,-634,0,0.25,0.0546078328914986,13.9,14.4,20.8666666666667,0.216312981443879,0.229178728668173,0.788935654612396,0.830025256728359,0.121631877872319,114.946821393962,0.456902312132349,0.295584373012593,0.214179981521724,0.1
65,2540.50303030303,130.628283286398,455.22241824008,2698.1269287169,0.0333333333333333,-938,0,0.5,0.0598674721845454,12.8666666666667,13.6,19.4,0.218267307374974,0.222205912762277,0.776665486525239,0.805595585284794,0.12740746071023,115.806914330623,0.514397248936723,0.307953978799614,0.177648772263663,0.1
66,2300.82898550725,183.725242341143,505.912868539402,2502.15906680806,0.0666666666666667,-636,0,0.333333333333333,0.0669017669864789,11.2333333333333,12.6,16.8666666666667,0.225358002160745,0.225623509929389,0.804181906814131,0.810730487305662,0.118022699226998,100.61412812153,0.473060631400262,0.312594558252939,0.214344810346799,0.1
67,196.876686507936,38.9586024246129,102.878772206538,452.200263743709,0,2046,2,0.0892857142857143,0.0480286783337631,13.3333333333333,14.1333333333333,20.0333333333333,0.245818843968925,0.213682390317347,0.846248091753377,0.780052383755771,0.121450074292478,111.792079761963,0.42781661471492,0.32167942956926,0.25050395571582,0.1
68,1904.64230540701,132.279207016868,471.426216384082,2092.47238670782,0.0666666666666667,-382,0,0.176470588235294,0.0501424372012607,10.9666666666667,11.7333333333333,16.4333333333333,0.231947418535422,0.21518352934231,0.802171282624698,0.8080453867663,0.129755091916364,127.000066884985,0.379937342836454,0.306193686355664,0.313868970807881,0.1
69,2114.61333333333,140.984466585808,371.752411914896,2243.39186209933,0.0333333333333333,-714,0,0.3,0.0576664966227857,12.1,13.6,18.5333333333333,0.224324911103326,0.231838930288613,0.807089774514688,0.826566751143233,0.133433670609794,102.274640336039,0.429030972331597,0.32459984322384,0.246369184444564,0.1
70,188.389867232101,54.4961181080177,85.6482499336464,330.839859189472,0,2046,0,0.111111111111111,0.053560253306016,10.5,11.4,17.2,0.211787163070911,0.217182985784764,0.749139023340015,0.824696695731756,0.106109268479183,114.439202793286,0.44624913514744,0.320589313004567,0.233161551847992,0.1
71,1827.80098039216,149.529250835038,444.205983908599,1941.08855208694,0.0666666666666667,-354,0,0.166666666666667,0.057686501103565,11.9666666666667,13.4,18,0.228682839968606,0.23238572274691,0.80315461545096,0.863922297967467,0.131712754824101,116.265158591247,0.465951507032638,0.293707064136555,0.240341428830807,0.1
72,288.912195121951,68.9906159838769,84.0682890283733,476.441485030203,0,2044,0,0.333333333333333,0.0647651199198277,12.2333333333333,13.2666666666667,20.7333333333333,0.228498693007952,0.213994539515206,0.811393261162601,0.775738749383781,0.135821997868412,106.081109853055,0.442772918284519,0.350829818623711,0.206397263091771,0.1
73,1871.35004155336,127.664582429897,333.224068844592,2013.52168861849,0.0333333333333333,-384,0,0.176470588235294,0.0555332064449712,11.6,12.4,17.5,0.193647298119862,0.219032440917606,0.712540546366551,0.808958268631217,0.113309537531028,103.784504944126,0.565120169075277,0.274284238751731,0.160595592172992,0.1
74,187.57361518758,52.3973726500292,77.409986422413,351.630449769077,0,2046,0,0.112903225806452,0.0419602978290019,12.4,13.8,18.6333333333333,0.232597946924947,0.24227959162663,0.81188949537802,0.808201641686846,0.157806120209893,110.63225372786,0.464580841500024,0.311179663041084,0.224239495458892,0.1
75,1843.84476190476,89.1859296407904,339.705155369235,2099.17484320558,0.0333333333333333,-332,0,0.166666666666667,0.0441417342921408,11.7,12.3333333333333,18.3666666666667,0.21721303170072,0.224180457808024,0.757503777981762,0.811613946038282,0.120281738151415,115.687640128829,0.470961285620706,0.296579023101116,0.199126357944845,0.1
76,218.112099473936,37.9319453700084,76.261042373898,356.89415664208,0,2046,0,0.117647058823529,0.0453112825171649,10.7666666666667,11.6666666666667,19.9666666666667,0.23956187815407,0.218335109410557,0.835457205143965,0.80523676341376,0.125928153925463,124.221017643665,0.421899075366231,0.303629902191956,0.274471022441813,0.1
77,2258.6,123.376326686162,405.403140198239,2441.65002937075,0.0333333333333333,-662,0,0.25,0.0528942142945371,12.3666666666667,13.2666666666667,18.5333333333333,0.225712902789976,0.220464814121109,0.803147097364661,0.798492344843232,0.119305685453881,116.636338483639,0.479333345477577,0.333446453435631,0.187220201086792,0.1
78,1842.04268863485,150.723792565569,459.038016562602,2110.22991279281,0.0666666666666667,-308,0,0.222222222222222,0.0525931909166204,11.6,12.4,17.4666666666667,0.236571697511045,0.231792215027333,0.813163485542123,0.823842871439477,0.131815503743925,115.339426348472,0.459035516420916,0.340793773960158,0.200170709618927,0.1
79,1813.46523809524,127.014616979918,456.176055482523,2068.79531939605,0.0666666666666667,-332,0,0.166666666666667,0.042807757181327,11.2,11.7333333333333,16.7333333333333,0.242557863189379,0.217570540824129,0.838938378112938,0.778560951760353,0.12919431865645,120.622960858389,0.397897178366286,0.324683992841888,0.244085495458493,0.1
0,1988.0740010946904,349.3299205922471,562.532189086197,2217.3825282264734,0.13333333333333333,-488.0,0.0,0.4444444444444444,0.11444806515547307,5.7,7.2,8.533333333333333,0.13036636418643874,0.14467328045744443,0.6294224121101735,0.6632108629394986,0.14857696278774807,117.59453335345435,0.13210150500784054,0.7903592152132446,0.07753927977891499,0.1
1,1992.1916666666666,222.15157049969295,444.7637612374956,2220.851984126984,0.06666666666666667,-416.0,0.0,0.25,0.11247648210776942,5.1,6.8,7.633333333333334,0.12712402615939408,0.1444862174956671,0.6053956679313484,0.6429415168899033,0.1456262817686418,110.64906257260824,0.14369982713759358,0.7480515725118241,0.10824860035058245,0.1
2,1734.6609523809525,308.3839264782137,462.3372541478378,1692.6479442508712,0.1,-340.0,0.0,0.3,0.10585559456198168,6.066666666666666,7.666666666666667,9.166666666666666,0.13129677083904565,0.14309276764873075,0.6176546562427229,0.663740892983647,0.15060587377227896,115.28548902414019,0.12258492122834563,0.7719868896639324,0.105428189107722,0.1
3,2048.2666666666664,396.4419278823624,641.3973527189257,2270.9171717171716,0.16666666666666666,-362.0,0.0,0.3333333333333333,0.12727213450476818,6.033333333333333,7.333333333333333,9.233333333333333,0.1311620252682805,0.14466372852663759,0.623374571634881,0.6643973504524321,0.14984701344506451,98.25764030523816,0.1354297046263563,0.7738588136464198,0.09071148172722386,0.1
4,1933.7054187192118,369.7303408102095,575.9285960968214,2160.3515725653656,0.13333333333333333,-490.0,0.0,0.3333333333333333,0.11367955742593425,6.233333333333333,7.4,9.4,0.13303074848241553,0.1437061241495204,0.6427765185628043,0.6477496203814604,0.1523181581398867,107.9495716732766,0.11442103240291647,0.7815989033778888,0.10398006421919465,0.1
5,1485.1138211382113,210.34541889591304,244.29886244173647,1478.886307910698,0.03333333333333333,-188.0,1.0,0.25,0.10779813976628068,6.533333333333333,8.133333333333333,9.933333333333334,0.13338751756830586,0.14267604095843162,0.6581837573020027,0.6541762742133911,0.15271833736530122,119.10386203342128,0.11207282297911984,0.8042938574696447,0.0836333195512356,0.1
6,2083.0666666666666,332.1422230379519,545.0993528403066,2054.3777777777777,0.1,-486.0,0.0,0.25,0.1190031816912132,6.933333333333334,8.066666666666666,10.533333333333333,0.13118776977322166,0.14516117731424874,0.6393693085341496,0.6831323864593277,0.14849041825326947,111.25342298189167,0.10496154474265112,0.7938792646309543,0.1011591906263948,0.1
7,2042.35873015873,482.1854690426701,651.2060038938039,1981.5647907647906,0.2,-508.0,0.0,0.4444444444444444,0.14172227812445204,5.833333333333333,7.133333333333334,8.833333333333334,0.12960421313541953,0.14368265836239746,0.6473407205025811,0.656280223197341,0.1459083833088475,99.4374130394452,0.10839217505521853,0.774540188474971,0.11706763646981039,0.1
8,268.41386228910164,152.27303188672246,73.40193327250898,294.18476176000115,0.0,2048.0,2.0,0.1388888888888889,0.10278589964573946,6.666666666666667,8.2,10.066666666666666,0.13346099713364248,0.1425693605323451,0.6517820516726859,0.679676976472779,0.15073521855545194,118.29357252440016,0.11362158679950443,0.8006286635434231,0.08574974965707231,0.1
9,2089.688888888889,275.31133429393174,466.9458784681031,2026.4933638257771,0.06666666666666667,-616.0,0.0,0.375,0.10345282367369854,6.233333333333333,7.866666666666666,9.466666666666667,0.1346868968435203,0.14320519324488032,0.6655554328983252,0.6417384263919153,0.15397598641499086,110.46993217975066,0.10476800058570938,0.8070422314197448,0.08818976799454575,0.1
10,1912.9938271604938,303.4988834217101,466.8719963736201,1832.7863324985512,0.1,-538.0,0.0,0.3,0.1082119628084204,6.733333333333333,8.333333333333334,10.166666666666666,0.13452015471369994,0.14442255811130628,0.6619266079936617,0.6905816603257211,0.15457292852703688,112.75805079181491,0.10912065782587274,0.789861580533497,0.10101776164063038,0.1
11,2065.63908045977,397.4974938981103,590.2246506453714,2289.616223316913,0.16666666666666666,-486.0,0.0,0.25,0.11644275635656264,7.066666666666666,8.466666666666667,10.633333333333333,0.13482316949505183,0.1452676859436422,0.6389259630878386,0.6801397219628412,0.15140723267663947,111.64436518342195,0.11391605587677289,0.7878651567801072,0.09821878734311992,0.1
12,1985.2724137931034,491.2560241799029,651.1174747612041,2212.7632183908045,0.23333333333333334,-490.0,0.0,0.4,0.14785864980267047,5.366666666666666,6.933333333333334,8.1,0.13259693021619026,0.14357211555896454,0.6310219315934441,0.6606133211488705,0.15250375601097269,93.50548438334289,0.1227669908907893,0.7770436904751218,0.10018931863408889,0.1
13,2694.2901960784316,407.0825692589248,678.1284114281358,2761.884753901561,0.13333333333333333,-794.0,0.0,0.8333333333333334,0.13165893044013988,6.933333333333334,8.2,10.5,0.13569215938272108,0.1470640172970539,0.6706177440516001,0.6689760019910814,0.1541860968683481,105.05550237535792,0.11716175194270334,0.7769840572078912,0.10585419084940541,0.1
14,1454.4126984126983,191.20939457451703,244.02935866462153,1511.647741147741,0.03333333333333333,-160.0,1.0,0.25,0.10112905484620863,6.866666666666666,8.6,10.333333333333334,0.13877675157074526,0.14718943002547605,0.690565992119149,0.7059229681362342,0.155236128118864,112.12388390023574,0.10838275669516471,0.7849745750875881,0.10664266821724702,0.1
15,2068.444,509.6607073305891,708.0362049011999,2293.7557117117117,0.23333333333333334,-586.0,0.0,0.4,0.1269088745663156,6.033333333333333,7.333333333333333,9.133333333333333,0.13868802110867728,0.14567201884826528,0.6678142757160368,0.6659302064166754,0.15727751723662947,99.1927612078547,0.11014912033922923,0.7673685205867603,0.12248235907401063,0.1
16,2044.0444444444445,373.41740397106963,566.8959574467576,2147.6099290780144,0.13333333333333333,-464.0,0.0,0.25,0.11869674052069619,6.433333333333334,8.066666666666666,9.666666666666666,0.13425026993762232,0.14495416986966922,0.6523291608628425,0.6863557482872569,0.15096278394945514,95.78920625583687,0.11258762003050155,0.789205255844216,0.0982071241252827,0.1
17,2445.3555555555554,489.2859526722406,721.8799348587153,2379.403661132397,0.16666666666666666,-844.0,0.0,0.5,0.1315885098883493,7.3,8.466666666666667,11.133333333333333,0.1345501459454321,0.14432325691366685,0.6528243249527129,0.6797653258419378,0.1541633422662023,101.80342400317325,0.10920342192083912,0.7587817284689503,0.13201484961021046,0.1
18,2003.7916666666667,331.25366439422277,531.3933346932955,2084.393686868687,0.1,-410.0,0.0,0.25,0.11964229523667488,6.733333333333333,8.266666666666667,10.2,0.13509888968834674,0.14771566408794773,0.6559206182328396,0.7019937028647671,0.1546590225227113,95.41667659706256,0.11348968030516282,0.7648531466569642,0.12165717303787292,0.1
19,2413.7166666666667,460.2415781314948,668.9964803489743,2351.594257388702,0.16666666666666666,-812.0,0.0,0.5,0.1352027942257827,6.7,8.066666666666666,10.066666666666666,0.13640864172164366,0.1446595077548059,0.6475359925157296,0.6775412936699836,0.15309028228852695,97.62797417218775,0.12397409210627602,0.749419063269638,0.12660684462408603,0.1
20,2445.177777777778,462.62438825484344,679.1110875990502,2470.9762962962964,0.16666666666666666,-844.0,0.0,0.5,0.14143871319620657,6.466666666666667,7.933333333333334,9.766666666666667,0.13450167408670133,0.14279534757032455,0.6513851345493767,0.6558254070195753,0.154985815546297,91.63751044088258,0.12019853800995207,0.7653739305246982,0.11442753146534977,0.1
21,2149.3111111111107,458.8339092812912,646.8671946396955,2379.9718518518516,0.2,-464.0,0.0,0.3333333333333333,0.13155645015525286,6.2,7.666666666666667,9.466666666666667,0.1366515521284833,0.14673168183659197,0.6368053022934177,0.6704196121604576,0.15603438259462055,91.55070178384914,0.11032515098452804,0.7485254287152349,0.14114942030023717,0.1
22,1706.6761904761904,330.44810619524065,471.7476590188193,1802.9982625482626,0.13333333333333333,-162.0,0.0,0.21428571428571427,0.117592884238988,6.8,8.4,10.2,0.13667940262801564,0.147915603785792,0.6625875117256322,0.6928005556535558,0.15508610979608042,107.02576711279639,0.10459891617203816,0.7789601528011103,0.11644093102685149,0.1
23,856.893164200141,176.9131454820226,139.77611470650453,830.0426591496359,0.03333333333333333,-120.0,2.0,0.2727272727272727,0.09574043447670465,7.5,8.8,11.266666666666667,0.1387307537234381,0.14564512987863382,0.692615835997543,0.6862318227036915,0.1555175088738925,116.74706673364447,0.1266696641465966,0.73305881551427,0.14027152033913337,0.1
24,1820.349494949495,414.532792635372,541.0815255751636,1914.1328282828283,0.16666666666666666,-460.0,0.0,0.2727272727272727,0.1412745616308966,7.0,8.466666666666667,10.6,0.13668392203086058,0.14536370660366757,0.674651964860694,0.6728484156369963,0.1529607523479366,89.55627483133465,0.11346460756005985,0.7788992572298288,0.10763613521011137,0.1
25,2221.5555555555557,463.31694207361573,662.4524927475152,2121.923594016126,0.16666666666666666,-616.0,0.0,0.5,0.12856001532244252,7.166666666666667,8.533333333333333,10.933333333333334,0.13794650587689264,0.14738017130635253,0.6812688782953996,0.7048804162072853,0.15809661389080826,101.09149120408797,0.13808528661847932,0.7327528088422398,0.12916190453928084,0.1
26,2554.8933333333334,647.9717230212641,780.4344548094062,2778.8857142857146,0.3,-824.0,0.0,0.6,0.15077386065514797,5.933333333333334,7.333333333333333,9.0,0.13654367052324057,0.14582645109795386,0.6202316699884213,0.6799859220235979,0.15623545435139324,84.19949869305138,0.12747387943274557,0.7302263521739223,0.14229976839333192,0.1
27,2383.5789473684213,457.9662277540409,635.7710515115691,2377.134502923977,0.16666666666666666,-738.0,0.0,0.5,0.13416578261236986,6.833333333333333,8.266666666666667,10.366666666666667,0.1383970319301415,0.1483162271105392,0.6668790836015263,0.6819984367125096,0.15762440264213018,90.99437681120973,0.11612112592207187,0.7504078010948245,0.13347107298310357,0.1
28,2015.7854545454545,431.4819769848191,610.5623355449237,2079.933202293202,0.16666666666666666,-464.0,0.0,0.45454545454545453,0.131969820054988,6.966666666666667,8.466666666666667,10.566666666666666,0.1404949066534435,0.14959306290842342,0.6701709465152202,0.6843899067595013,0.1600760181135283,100.54328924833547,0.13275546434582705,0.7287860707605703,0.1384584648936026,0.1
29,2044.1908045977011,451.13218653497177,640.5432864645737,1990.7377616120987,0.16666666666666666,-488.0,0.0,0.25,0.12194451831706736,7.266666666666667,8.466666666666667,11.1,0.14057626443963503,0.14895410066735726,0.6700301377577461,0.6935764820849375,0.16181338424518768,110.30880563327723,0.10568681523583484,0.7527747181570711,0.14153846660709404,0.1
30,2220.4444444444443,458.8379032373577,655.9566483205057,2185.111111111111,0.16666666666666666,-536.0,0.0,0.3333333333333333,0.13072574774535556,6.5,7.8,9.833333333333334,0.14021187038627497,0.14834077869605222,0.6811318656186339,0.6912660638426724,0.1634295891884929,101.37367234443931,0.10411098596392712,0.7489552927101946,0.1469337213258782,0.1
31,2011.175,429.50822882853464,587.7128780373122,2066.3654761904763,0.16666666666666666,-412.0,0.0,0.25,0.13480975428079475,6.3,7.8,9.633333333333333,0.14237365958815695,0.14885944286748012,0.662836412844042,0.6807391163884867,0.16492973209912148,93.09688291006734,0.11666852019576428,0.7320340269547198,0.15129745284951604,0.1
32,2082.634482758621,400.9290946851353,621.1771097672438,2309.273798997937,0.16666666666666666,-486.0,0.0,0.25,0.11709447741178124,5.733333333333333,7.266666666666667,8.6,0.14403277112027832,0.14832178176774322,0.6806438411604638,0.6564428180325723,0.16688320564079775,110.17744266526593,0.10977761514495936,0.7378303854267307,0.15239199942830986,0.1
33,2460.695238095238,446.903009650908,663.4151082440853,2691.355238095238,0.16666666666666666,-860.0,0.0,0.5,0.13441985237982865,6.733333333333333,8.133333333333333,10.3,0.1453511958854017,0.15056699395068826,0.6772867848832058,0.689158094085815,0.169690829690443,97.11816771129219,0.1186685258646785,0.7247831712865768,0.15654830284874482,0.1
34,2414.983333333333,460.3688113653816,677.4816669172072,2474.170034320034,0.16666666666666666,-814.0,0.0,0.5,0.14136758865057875,6.566666666666666,8.2,10.066666666666666,0.14518154146142528,0.1511462667801463,0.6749413869463428,0.6817143323904608,0.16670207936177212,104.41490245166979,0.12984380166264226,0.6935260965974163,0.17663010173994156,0.1
35,2491.7589743589742,769.1477032711325,822.998081473702,2427.1530341192174,0.36666666666666664,-890.0,0.0,0.5,0.1666063011063011,5.666666666666667,7.2,8.8,0.14231455374267957,0.15180294913051845,0.6429099344238922,0.6815135866972949,0.16463449348399442,87.69207128667189,0.10204016354016353,0.7256517556517555,0.17230808080808083,0.1
36,2124.352380952381,509.85685906228974,699.7942148307985,2045.3092176116565,0.2,-510.0,0.0,0.25,0.12403134378583631,6.633333333333334,8.066666666666666,9.933333333333334,0.14675589153503404,0.15209968378672034,0.6865956059769039,0.7012772790114418,0.1717002124170836,108.16906911971509,0.14644530213346674,0.698812551359092,0.15474214650744134,0.1
37,2059.1955555555555,503.3979180411983,659.480791644416,1960.1832543890655,0.2,-460.0,0.0,0.25,0.1333556976219515,7.9,9.333333333333334,11.9,0.14819618251631764,0.15302112725722983,0.7112514676901325,0.7170013941586215,0.17107749539168124,90.81387850000137,0.1343015720280942,0.7010105002019347,0.16468792776997107,0.1
38,2050.6666666666665,431.59515572881753,579.6859113232847,1974.6060118089101,0.16666666666666666,-364.0,0.0,0.3333333333333333,0.1288766233766234,7.633333333333334,9.133333333333333,11.5,0.14608483215637466,0.15449840221841912,0.7077920495789218,0.7370695803269639,0.1668521471209999,107.45647690944564,0.10981369248035915,0.7418070386403721,0.14837926887926886,0.1
39,2423.8533333333335,483.58122254345636,780.2843235914323,2647.8457142857146,0.2,-822.0,0.0,0.5,0.13242396701293568,5.766666666666667,7.2,8.766666666666667,0.14742492187303552,0.1527681212803014,0.6727484172404682,0.6912261755078728,0.17256614828910402,98.57147142051554,0.1151377577681531,0.7290210067819552,0.15584123544989167,0.1
40,2013.8583333333333,559.5606892681965,689.7386895522806,1891.3835389453313,0.23333333333333334,-414.0,0.0,0.25,0.15674448286940385,6.466666666666667,8.133333333333333,9.8,0.14884882080042874,0.1558758119865078,0.6979291687769437,0.692601938355356,0.1724752623176969,92.03737599050656,0.14160365168637107,0.7005052162905273,0.15789113202310168,0.1
41,1891.6510822510822,332.7659684797256,512.8973701998002,2115.6434632034634,0.1,-510.0,0.0,0.2727272727272727,0.11272182353341773,6.4,8.0,9.7,0.14557085857516258,0.15495666523989124,0.6859580019809105,0.7134923632282617,0.16698050564828146,99.8027049068542,0.12418483757251875,0.7306413497935237,0.14517381263395757,0.1
42,1752.9390919158361,521.2354005116933,623.8880768784418,1664.7988521591712,0.23333333333333334,-130.0,0.0,0.2857142857142857,0.13527149874076091,6.6,8.2,10.0,0.15054744528827066,0.16124022977778538,0.720972599793521,0.7361301108761708,0.17528970281204617,95.33818670034842,0.13551740824874178,0.6921950411495587,0.1722875506016995,0.1
43,2193.4031746031746,559.8802345357037,709.2907154404212,2251.5653367653367,0.26666666666666666,-688.0,0.0,0.375,0.14305400099003293,5.8,7.266666666666667,8.733333333333333,0.14910237047200525,0.16025444799931818,0.6930203199115862,0.7176103146341026,0.16958942064416818,90.6331454602563,0.1329701232143761,0.6962939681230538,0.17073590866257035,0.1
44,2423.0285714285715,564.9346522815057,708.4914307467884,2362.1997835497837,0.23333333333333334,-866.0,0.0,0.5,0.15465111552619693,6.666666666666667,8.2,10.066666666666666,0.1440561891013462,0.15932738808893737,0.6909051191651815,0.7257681046583392,0.16913639272264594,81.14861358302748,0.1261674883526756,0.704555262367038,0.16927724928028642,0.1
45,1890.3085714285714,360.262936987257,510.2689868866915,2118.968888888889,0.13333333333333333,-336.0,0.0,0.25,0.12830429567421436,7.366666666666666,8.933333333333334,11.133333333333333,0.14712135752822283,0.1591556997928659,0.6971723110798613,0.723266603612041,0.17176179658152407,99.39761093617481,0.11822385420962654,0.7388479836935122,0.1429281620968613,0.1
46,2194.8045977011493,791.4865715988368,785.6288214160649,2061.4811409110257,0.36666666666666664,-490.0,0.0,0.625,0.1796872416859068,5.8,7.466666666666667,8.833333333333334,0.14215521484177088,0.15867532081135988,0.6559496131016319,0.7023573561964277,0.16311283331014834,81.27977442683013,0.11363216717316639,0.7016568820266378,0.18471095080019567,0.1
47,2136.8518518518517,534.3401259199047,663.6967363800609,2037.9152715597158,0.2,-538.0,0.0,0.25,0.15273729666295344,7.833333333333333,9.066666666666666,11.8,0.1462507917308931,0.15915068177270958,0.7113518429763785,0.7281716883955636,0.16836824316007043,93.14737450056172,0.13680769365821274,0.6939064733817979,0.16928583295998947,0.1
48,2213.9540229885056,428.19500527703036,611.7285346344731,2108.3159405512297,0.16666666666666666,-488.0,0.0,0.3333333333333333,0.12936266963566476,7.133333333333334,8.666666666666666,10.866666666666667,0.14730061386863003,0.16181268026703552,0.6974878146428349,0.7645752874897997,0.1682598148034019,106.90547446707347,0.1288683825441129,0.7185433015531385,0.15258831590274863,0.1
49,1941.164705882353,544.7614935289525,699.9481122712306,1894.8580392156864,0.23333333333333334,-362.0,0.0,0.25,0.13455261398789636,6.733333333333333,7.933333333333334,10.466666666666667,0.14710366618363394,0.16529511977734637,0.7009294837789182,0.7413481028904595,0.17239013232075096,100.48083390512132,0.12446400195025879,0.6993209852967475,0.17621501275299373,0.1
50,2180.335064935065,570.4301332377901,708.2098259250829,2049.180033135589,0.23333333333333334,-670.0,0.0,0.42857142857142855,0.1501808726096274,8.2,9.466666666666667,12.466666666666667,0.1489619299151623,0.1637987636120092,0.7077652568213433,0.7313657753308254,0.17046769204830894,94.36585077634886,0.13928127263236378,0.6940025795235466,0.16671614784408964,0.1
51,1989.8428571428572,435.5732126023136,596.5957966103936,2019.4301587301588,0.16666666666666666,-508.0,0.0,0.4,0.13177230266724158,6.8,8.4,10.4,0.14680517214648,0.16423385757493345,0.6834438677332234,0.7383500600709977,0.16737281570450907,101.86931960953021,0.13530150149268094,0.6887018527150844,0.1759966457922346,0.1
52,2694.2901960784316,816.6647358003969,909.7691952868496,2586.038645046157,0.3333333333333333,-794.0,0.0,0.8333333333333334,0.20431712731712728,6.433333333333334,7.866666666666666,9.766666666666667,0.14686151106893025,0.16731413816241827,0.6917822713415086,0.7276022225800926,0.1677412978912165,80.81037256282738,0.10619175731675731,0.705840515965516,0.18796772671772674,0.1
53,2344.6631578947367,864.7800775128885,896.5219718887749,2571.9764912280702,0.4,-744.0,0.0,0.5,0.17192962919433502,5.633333333333334,6.933333333333334,8.633333333333333,0.14437077500716386,0.16400842754568462,0.6772272963430628,0.7048904788371239,0.16239173734909063,87.74401606275471,0.09381086451674685,0.6985286772051479,0.2076604582781053,0.1
54,1909.6417077175697,369.5979281895442,485.11660339237227,1822.5478805570758,0.13333333333333333,-492.0,0.0,0.3333333333333333,0.1309737158482391,7.333333333333333,8.866666666666667,11.066666666666666,0.14866625017392981,0.1651887221346156,0.7069267440053277,0.7689697450734667,0.1666922915048214,108.77546151541195,0.14271262829043152,0.6814213528088433,0.17586601890072526,0.1
55,2141.6363636363635,455.28050611123666,656.0035813311414,2059.9970819304153,0.16666666666666666,-666.0,0.0,0.375,0.12820392376952178,7.3,8.8,11.0,0.15007062444781283,0.1674672235318635,0.7101010689621632,0.7614357215703202,0.1713045795149604,101.2215102199506,0.1097969714143446,0.6923240309400952,0.19787899764556022,0.1
56,2562.913333333333,612.6097430091852,744.4331984155119,2452.6075403608734,0.26666666666666666,-842.0,0.0,0.6666666666666666,0.16297922789057534,7.333333333333333,8.6,11.133333333333333,0.149442487059839,0.16695937594450252,0.7113142703205965,0.749009705383651,0.17252201941186066,90.04821528688603,0.12872432860021513,0.6940410259559198,0.17723464544386527,0.1
57,2711.0871794871796,617.3256953855026,818.319663347459,2745.399405999406,0.23333333333333334,-894.0,0.0,0.8,0.1635908128007519,6.8,8.2,10.3,0.14866813150735553,0.16759826643982828,0.6784199464366012,0.7655216704891852,0.1711931024624066,92.88196132489021,0.1189263125500448,0.7195049053568323,0.16156878209312284,0.1
58,2443.657777777778,635.8489270914986,765.1392731837536,2321.311111111111,0.26666666666666666,-842.0,0.0,0.5,0.16204234895674538,6.7,8.133333333333333,10.166666666666666,0.14818071273025238,0.17045607212831485,0.6696985761839863,0.7510243812318883,0.1693306326483513,92.69383310110722,0.1326444134214822,0.6713971988662447,0.19595838771227297,0.1
59,2667.753846153846,587.7418557271773,781.4766152249965,2553.236065537981,0.23333333333333334,-894.0,0.0,0.6666666666666666,0.14949328250443866,6.8,8.133333333333333,10.2,0.15245614553501874,0.16694702707878317,0.7195923369056024,0.7737274735127037,0.17525048580504962,105.01040997379684,0.13261040957389839,0.6676355386406098,0.19975405178549194,0.1
60,2445.568888888889,802.403645614144,827.239734849141,2423.6525327812287,0.36666666666666664,-844.0,0.0,0.5,0.18252201174282243,5.966666666666667,7.6,9.1,0.15222842016551136,0.16672835197729477,0.6906220595646085,0.7282090020874593,0.17575924691365324,81.02655629809121,0.12220495247660614,0.6888043101900648,0.18899073733332922,0.1
61,1978.8823529411766,426.27338944043265,580.817156871584,1865.187253801633,0.16666666666666666,-364.0,0.0,0.25,0.12923578623005227,7.066666666666666,8.733333333333333,10.8,0.15506359049712287,0.17160114263774376,0.7200397283741335,0.7781713531088942,0.17724825711501432,113.26681675464003,0.11560928689035069,0.6824898736660983,0.20190083944355106,0.1
62,2070.851499118166,624.3200267882854,682.8840821717424,1944.5405621127845,0.3,-536.0,0.0,0.4444444444444444,0.17370823344799344,6.766666666666667,8.466666666666667,10.2,0.1513271110258994,0.17022690710532087,0.7187951410186917,0.7505250349967346,0.1722650848658963,90.66997558993693,0.12100371077118392,0.6796778138395893,0.19931847538922698,0.1
63,2105.5809523809526,535.9717266498916,738.5419157449824,2186.757575757576,0.2,-506.0,0.0,0.25,0.13699827682677046,6.866666666666666,8.266666666666667,10.4,0.15444804166775686,0.16675804038366324,0.7091547404290444,0.7414411056055409,0.17421881912007903,100.26908193344596,0.11651738591847487,0.6794960066157889,0.20398660746573632,0.1
64,2625.0190476190473,703.1221244621528,874.9165448772412,2505.692298647854,0.26666666666666666,-866.0,0.0,0.6666666666666666,0.18769957010377653,6.333333333333333,7.8,9.633333333333333,0.15506556773230484,0.16771418851307104,0.6986131893054776,0.7303109466102508,0.1768233945877565,87.37180246244104,0.11562207999376613,0.7007432302389883,0.18363468976724545,0.1
65,2524.294117647059,611.2443212872865,799.6265091069242,2443.0249442053246,0.23333333333333334,-794.0,0.0,0.6,0.16780327524948782,6.566666666666666,7.8,10.133333333333333,0.1562294729936981,0.16232642941367345,0.7206688746016635,0.7424389848860914,0.17472692810967166,105.3198130856613,0.11637842380632972,0.6787291591137327,0.2048924170799377,0.1
66,2761.866666666667,503.65301835590265,717.5263486097108,2678.1402808573544,0.16666666666666666,-910.0,0.0,0.75,0.15473129639222907,7.033333333333333,8.466666666666667,10.8,0.157498734268079,0.16437538947308872,0.7301822817363597,0.7452770452326174,0.175982128668174,101.27363375629879,0.11271890153938603,0.6882976786315776,0.19898341982903653,0.1
67,2414.983333333333,787.3941916369223,807.239157940686,2324.9119988706943,0.36666666666666664,-814.0,0.0,0.5,0.17097936586109502,6.833333333333333,8.266666666666667,10.433333333333334,0.1553509513327646,0.16269587169496852,0.7107988025237495,0.7435065187015887,0.17641698478730086,85.84634557750915,0.1362749435209357,0.6634935510015667,0.20023150547749766,0.1
68,2470.4622222222224,749.654176722255,826.1162818722046,2358.6981015692127,0.3333333333333333,-824.0,0.0,0.5,0.19081459772784315,5.733333333333333,7.133333333333334,8.7,0.15512732211045857,0.16815424130022133,0.6982349230757713,0.7520050911861206,0.174730121121933,94.51920314100805,0.12494886152743873,0.680383022363437,0.19466811610912432,0.1
69,2135.3802469135803,740.3329841508797,790.5532244116854,2062.3487467265245,0.3333333333333333,-534.0,0.0,0.25,0.15668968901577596,6.666666666666667,8.266666666666667,10.066666666666666,0.15700146787580269,0.16809015163163324,0.7085407105298561,0.7681235160033124,0.1793596067479033,84.2200126496794,0.11772698237915628,0.6685518550953333,0.21372116252551035,0.1
70,2565.9846153846156,1014.4032152272007,915.6789820584358,2477.1169139803287,0.4666666666666667,-894.0,0.0,0.6,0.2094668951270782,5.333333333333333,6.733333333333333,8.066666666666666,0.1550978045743749,0.17025416895628548,0.6838011127675626,0.7221784422596421,0.1732018783703228,74.55981024222629,0.10294811117351163,0.6717630968912435,0.225288791935245,0.1
71,2565.9846153846156,751.2441021911011,863.7335366622488,2789.9617582417586,0.3333333333333333,-894.0,0.0,0.6,0.16913198551737832,5.7,7.066666666666666,8.633333333333333,0.15932745281345448,0.16870282839435025,0.7084741334909739,0.7537407018130181,0.17794395456595552,82.78901861981889,0.13336064128684263,0.6220151458070986,0.24462421290605882,0.1
72,2523.564705882353,636.8936739929129,821.8665468186185,2481.409750927398,0.23333333333333334,-792.0,0.0,0.6,0.18168535069888725,6.666666666666667,8.266666666666667,10.033333333333333,0.16077934279939898,0.1710584799513631,0.7247144976949609,0.7692477341184399,0.18146744211624052,87.68008499039506,0.14484749605562966,0.665342753448803,0.18980975049556734,0.1
73,2565.9846153846156,562.9421924429981,708.5493914115277,2424.1899787455345,0.2,-894.0,0.0,0.6,0.17634117784766595,7.133333333333334,8.866666666666667,10.766666666666667,0.16556134255013083,0.1699851865127721,0.7468929194587977,0.7734992616949689,0.1889863479892443,80.19664003808141,0.16521052293975025,0.6000471273184816,0.23474234974176825,0.1
74,2473.8380952380953,751.2606082998351,873.3340001118153,2440.602785620177,0.3333333333333333,-862.0,0.0,0.6,0.17312426145548812,5.933333333333334,7.533333333333333,9.0,0.15917276315324855,0.1724348536622859,0.6944874257731086,0.7468635151113501,0.1830232232573707,90.18372495769584,0.1331349378069384,0.6576417544959007,0.209223307697161,0.1
75,2098.083333333333,626.4933464456133,764.1954071839797,2148.6986057486056,0.26666666666666666,-414.0,0.0,0.3333333333333333,0.14714653974586062,6.9,8.2,10.5,0.1630730447333852,0.16967639739724455,0.7228007532307508,0.7348151617300053,0.18354271587997753,91.91683273131022,0.13598319632954606,0.6306527913072906,0.23336401236316345,0.1
76,2457.8238095238094,575.2299611879423,753.3579590902694,2347.2380070546737,0.2,-864.0,0.0,0.5,0.1698545230790436,6.8,8.266666666666667,10.3,0.15963455655677067,0.16664041435686558,0.710271364840324,0.744685515692201,0.18098757288129338,88.13662896211727,0.13703506589157574,0.6427496278986787,0.22021530620974542,0.1
77,2533.8380952380953,811.7787331931021,937.6376842624842,2449.0631086573117,0.3333333333333333,-862.0,0.0,0.6,0.19042693410596223,5.533333333333333,7.133333333333334,8.466666666666667,0.15942239909998396,0.16255889728169445,0.6840752591772374,0.706677488361589,0.1813520815333593,93.89690871818497,0.15172779742281017,0.6228636386583957,0.22540856391879413,0.1
78,2460.695238095238,929.3384284267494,923.904283807124,2544.0642857142857,0.4,-860.0,0.0,0.5,0.19726026398878993,6.1,7.466666666666667,9.3,0.16333609696487444,0.166854453821151,0.7017523447982926,0.7376707430239671,0.18478430295153744,71.82359093823335,0.13399703640689856,0.6364275723687175,0.2295753912243838,0.1
79,2567.121568627451,559.7386089016567,722.1064633238385,2491.765788605004,0.23333333333333334,-794.0,0.0,0.6666666666666666,0.15708497179255643,6.833333333333333,8.333333333333334,10.4,0.1642208112405578,0.1633903989269818,0.7223702245081287,0.745226760940614,0.18329104084916817,96.18227635074712,0.13191952093594525,0.6310070417779655,0.2370734372860894,0.1
0,1988.0740010946904,351.03072514257616,561.859523467389,2217.3825282264734,0.13333333333333333,-488.0,0.0,0.4444444444444444,0.11555929440705319,5.766666666666667,7.2,8.633333333333333,0.13017967365358357,0.1446830898127076,0.6294224121101735,0.6632108629394986,0.14834434492739174,117.3605770797903,0.13475768670788188,0.7847859681224535,0.08045634516966459,0.1
1,1939.580392156863,229.63682002653954,439.6032534203661,2168.2407096171805,0.06666666666666667,-362.0,0.0,0.25,0.1002922196872706,5.477777777777777,7.022222222222223,8.266666666666667,0.12887442864579177,0.14499063622892183,0.6116522810247482,0.6480638799343645,0.14931129618853664,110.56356688592861,0.13958413893746152,0.7588875823536166,0.10152827870892213,0.1
2,2053.366666666667,305.38433827741574,529.3931763509809,2273.357471264368,0.1,-610.0,0.0,0.375,0.12184201336862298,5.311111111111111,7.0,8.044444444444444,0.13122116152357302,0.1438526293883727,0.6170730063846278,0.6490558617982821,0.14888271144492704,102.57713807322972,0.14895399638617873,0.7478669800419643,0.10317902357185708,0.1
3,2048.2666666666664,451.7546834605044,618.5514594613301,2099.8168391994477,0.2,-362.0,0.0,0.3333333333333333,0.13847904001873393,6.266666666666667,7.5777777777777775,9.655555555555557,0.1333043545896409,0.14347546188769886,0.6391915161547579,0.6573007616759116,0.15150167870883205,103.06578314794154,0.12393959797929191,0.7825182030272895,0.0935421989934185,0.1
4,2411.7833333333333,492.23736041436297,677.5405764172228,2523.76360412637,0.18888888888888886,-810.0,0.0,0.5,0.14178594168270883,5.977777777777777,7.466666666666667,9.1,0.13522504924505,0.1423873981046509,0.6426848884298785,0.6348085237014384,0.15471515118293985,97.89181942240018,0.11165465369317018,0.7774843470899654,0.11086099921686436,0.1
5,1959.1098039215685,241.50986712057147,437.02385189858916,2181.7603089720737,0.06666666666666667,-360.0,0.0,0.25,0.09844432712771047,6.677777777777778,7.933333333333334,10.166666666666666,0.1352010010747577,0.14074338816137716,0.663455186784111,0.6407922483604666,0.15672187229605614,114.57990456151613,0.1225765906663761,0.7873205161028948,0.09010289323072922,0.1
6,2012.7416666666666,440.8002022607145,638.7926682132013,2078.4692028985505,0.16666666666666666,-414.0,0.0,0.25,0.12685643198229013,5.955555555555555,7.444444444444445,9.0,0.13048346340392059,0.1441716299330867,0.6362093748216257,0.6700106798255494,0.14916071002069345,100.26293908752332,0.10945788983737113,0.7787368937388006,0.11180521642382818,0.1
7,2644.8745098039217,457.8917303472766,653.0889620579861,2569.300772430184,0.16666666666666666,-794.0,0.0,0.75,0.14900179932788632,6.7,8.066666666666666,10.122222222222222,0.1318317641661495,0.14510356723642281,0.6558836617823619,0.6761826905195945,0.15011944487143344,105.83651412061005,0.10686920969529666,0.7611434740782569,0.13198731622644666,0.1
8,1654.8358974358973,201.1880937693002,277.2204051993253,1725.0224471434997,0.03333333333333333,-110.0,0.0,0.23076923076923075,0.1003424116412701,6.888888888888888,8.355555555555556,10.366666666666667,0.13410213925957076,0.1431807667638064,0.652427812148634,0.6769138200197538,0.15379472368008199,129.64604515207142,0.12444782415746225,0.7728532325297394,0.10269894331279823,0.1
9,1898.580392156863,238.7842127403361,400.5423684764097,2130.5747183979975,0.06666666666666667,-360.0,0.0,0.25,0.10483356566065212,6.011111111111111,7.511111111111111,9.111111111111112,0.13426912466514038,0.14160635693601262,0.6541842942477393,0.6525499210164745,0.15544471274285926,100.34204323278544,0.10655075540632764,0.7873213080809282,0.10612793651274412,0.1
10,2445.9244444444444,391.8695392085227,655.2081374083714,2674.5847619047618,0.13333333333333333,-844.0,0.0,0.5,0.12590135296586238,6.3,7.955555555555555,9.533333333333333,0.13276288072744902,0.14274347539600266,0.6421002349823646,0.6605720341948713,0.15308286336106472,119.12277624267851,0.11392688147206721,0.7722529887638168,0.11382012976411611,0.1
11,2149.2024691358024,225.57664142505413,372.2476463482566,2376.529135802469,0.03333333333333333,-536.0,0.0,0.25,0.10445345861567557,6.588888888888889,8.288888888888888,9.866666666666667,0.13195235236473016,0.14357555272482883,0.6364396446739014,0.6696823084823185,0.1496134257313584,108.48106747978507,0.10128655409838742,0.7838846704057545,0.11482877549585803,0.1
12,2596.295238095238,468.59437378939344,684.8879271468985,2675.5879210220673,0.2,-868.0,0.0,0.6666666666666666,0.13818490462811361,5.744444444444444,7.133333333333334,8.644444444444444,0.1312506011199331,0.14309802804388533,0.6206899574357475,0.644694130090982,0.1489230923879153,104.92625392356273,0.1003949483969809,0.7961596091883038,0.10344544241471548,0.1
13,2567.5450980392156,517.6150023772316,744.4318940077746,2787.535902636917,0.2,-794.0,0.0,0.6666666666666666,0.1408305647466073,6.088888888888889,7.555555555555556,9.144444444444446,0.13577900098292733,0.1466043271516093,0.6505765278410762,0.6548090260416831,0.15638099612507125,93.4945108606853,0.11262698877429175,0.7731284861311365,0.11424452509457171,0.1
14,1759.0317460317463,254.6348921810353,393.1465901756176,1717.6613756613758,0.06666666666666667,-164.0,0.0,0.25,0.10717591027308575,6.133333333333334,7.933333333333334,9.2,0.13754632123419144,0.14823668480229177,0.6682807578837752,0.7086797651477872,0.15872623927070958,103.26827781404239,0.11537610723590216,0.7615269441314333,0.12309694863266453,0.1
15,2037.153968253968,366.70255781023275,547.5508482585632,1987.8916026625702,0.13333333333333333,-618.0,0.0,0.3333333333333333,0.1192948966167883,6.355555555555555,7.955555555555555,9.6,0.13576336774053993,0.14611998292924036,0.6459898255063334,0.6766569536810165,0.15790200977386876,110.32387164109807,0.12059638910401688,0.759235492210702,0.12016811868528116,0.1
16,2287.9245714285717,256.6665681978162,501.54909870122816,2523.91450853549,0.06666666666666667,-594.0,0.0,0.5714285714285714,0.11652675013913989,5.811111111111112,7.333333333333333,8.822222222222221,0.13765147016962895,0.14446018756263881,0.6614101590448753,0.6669789428229452,0.15940543570967106,104.19137009767356,0.12099274154593616,0.7680667942859072,0.11094046416815657,0.1
17,2530.2690740740745,429.2776929254074,647.0024392167908,2567.5870685670016,0.16666666666666666,-700.6666666666666,0.0,0.6666666666666666,0.13475369357153955,6.177777777777778,7.911111111111111,9.355555555555554,0.13740840984379116,0.14403753693355092,0.6638375707097667,0.6756900571534386,0.16153544120588267,99.1732915797702,0.12700334257324877,0.7392714748624809,0.13372518256427038,0.1
18,2152.4246913580246,312.222202225001,538.088301303754,2382.4125701459034,0.1,-538.0,0.0,0.25,0.10828121322424056,6.4,8.0,9.7,0.13725333613415752,0.14770229575974833,0.6655950951531595,0.6887719326862582,0.16005411437495867,113.80694166834385,0.10947368077772573,0.7683380295941991,0.12218828962807514,0.1
19,2661.979487179487,666.8499401420071,815.9808827773509,2568.2845722966517,0.2777777777777778,-888.0,0.0,0.6666666666666666,0.17715722285844232,5.566666666666666,6.844444444444444,8.6,0.1364381543923143,0.1418150420398129,0.6253649942243451,0.6475780463606158,0.15904455359674147,91.29294725613248,0.11272598562232707,0.7721459874813533,0.11512802689631957,0.1
20,2580.847619047619,230.09277716097742,446.47134213259454,2804.824761904762,0.03333333333333333,-850.0,0.0,0.6,0.11324125556619835,6.3,7.933333333333334,9.5,0.13975936361068259,0.14458833946980698,0.6691126528445699,0.6911252340470511,0.16464578543469163,117.34665996274187,0.11735479149209126,0.7603249053260496,0.12232030318185923,0.1
21,2514.688888888889,390.0947245378019,577.8965885793153,2619.7453453453454,0.13333333333333333,-912.0,0.0,0.5,0.12396518762285726,6.6,8.31111111111111,9.92222222222222,0.142120858459709,0.1460932419301244,0.6738733045743585,0.6802576589689541,0.1621541008945745,98.8986636230248,0.11915400953468529,0.7389257912599377,0.14192019920537705,0.1
22,2391.317777777778,354.1777213506466,555.443560331127,2437.7307834101384,0.11111111111111112,-842.0,0.0,0.5,0.12862371076650703,6.766666666666667,8.133333333333333,10.2,0.14105725607590974,0.14724556405541525,0.6591393686417449,0.7049692932271115,0.1651388720911768,105.61220053627092,0.1343864845399372,0.7316235429362028,0.13398997252385997,0.1
23,2114.316645381013,416.8009057989451,613.3642341694193,2071.4312280390445,0.15555555555555553,-521.3333333333334,0.0,0.25,0.11948993048442724,6.922222222222222,8.422222222222222,10.466666666666667,0.14285935530141164,0.14783070554678704,0.6744495058430471,0.6921369756242256,0.16598660763248654,113.62317374769242,0.15018166902767888,0.7049304561845177,0.14488787478780343,0.1
24,2055.258064516129,454.8326193146532,621.2222578762348,2106.305048643113,0.2,-438.0,0.0,0.25,0.12191947395756118,6.322222222222222,7.8888888888888875,9.566666666666666,0.1434052437159341,0.1471003200504356,0.6664602235429894,0.6846870230407454,0.16828715873229902,104.61015171781504,0.12174429173660288,0.7247996911933667,0.1534560170700305,0.1
25,2526.1555555555556,734.3225080424672,880.5556542232912,2763.6373737373738,0.3333333333333333,-914.0,0.0,0.6,0.15630951229022536,5.311111111111112,6.822222222222222,8.033333333333333,0.1394708794965747,0.1484187573596373,0.6178307253456164,0.6855437929082346,0.16656080177650756,93.3115371493101,0.13546352273640347,0.718317266215555,0.14621921104804173,0.1
26,2316.825672877847,457.0127502487878,679.7114120561595,2436.728826031,0.16666666666666666,-622.0,0.0,0.5714285714285714,0.13853616113624193,6.733333333333333,8.288888888888888,10.166666666666666,0.14253220865954558,0.14659173642712714,0.6565276888208084,0.6998127659119403,0.1696476874652353,101.2118467510136,0.13545192145252344,0.6984293881040453,0.1661186904434313,0.1
27,1654.0740863787375,335.8978105476438,461.71409307085094,1677.917582732234,0.13333333333333333,-130.0,0.0,0.21428571428571427,0.11083211028480307,6.666666666666667,8.377777777777778,10.066666666666666,0.1439678700223581,0.1483589774001544,0.6712628713532484,0.7114962456241279,0.17131600249074933,99.59654234552148,0.11969388595810677,0.7301495470757456,0.15015656696614746,0.1
28,2214.0199134199133,496.8382947050585,704.2458154911027,2332.2481918081917,0.2,-668.0,0.0,0.42857142857142855,0.13967014548898604,6.122222222222223,7.6,9.2,0.1432054167343613,0.15071142827397532,0.655588320337824,0.7029291821020398,0.1702094521076865,92.57040491896231,0.11164149272120286,0.7224952544372835,0.1658632528415137,0.1
29,2460.7166666666667,425.1320835234602,683.0343487475478,2584.4599212334506,0.13333333333333333,-814.0,0.0,0.5,0.1347999940571498,7.2555555555555555,8.733333333333333,11.033333333333333,0.14447073856854045,0.14834863150906502,0.6847836058398518,0.6889455552763694,0.16858437715705163,100.46451495306853,0.12294566088621756,0.7173317031421889,0.1597226359715936,0.1
30,1650.558258795468,201.106907376898,282.37422867377643,1868.5274895646987,0.03333333333333333,-126.0,0.0,0.20000000000000004,0.09033941634665783,7.855555555555555,9.555555555555554,11.866666666666667,0.1421320578478438,0.14979636508124464,0.6813807877132333,0.729691521998467,0.1698962662025929,113.20325273163807,0.13221789025103056,0.7274816029714806,0.14030050677748884,0.1
31,2459.983333333333,494.12552157675367,686.4742794319463,2556.5927350427346,0.2,-814.0,0.0,0.5,0.1482146079617475,6.811111111111111,8.266666666666666,10.366666666666667,0.14310431453840758,0.14912785696349484,0.645906346009325,0.6985757269023948,0.17070367361785987,100.0568591422503,0.1378585658345384,0.7149243816682793,0.14721705249718214,0.1
32,2792.3333333333335,745.4404116601415,864.0173301196306,2870.8908424908427,0.3333333333333333,-940.0,0.0,0.75,0.1862674607321778,6.355555555555555,8.133333333333333,9.622222222222224,0.14551863894652892,0.14831007126641552,0.6466762193758547,0.6711736640315046,0.17009369217747042,89.43777114471226,0.11676765102951227,0.7073513086095506,0.17588104036093724,0.1
33,2464.1619047619047,609.6252523732217,789.4429157541075,2695.7609523809524,0.26666666666666666,-862.0,0.0,0.5,0.15085418345580948,6.277777777777777,7.777777777777777,9.5,0.14682699413754116,0.14883579197345292,0.6682632549379293,0.6921615414683804,0.1734970713476904,89.51071859747704,0.13457586902708854,0.7136604977628013,0.1517636332101102,0.1
34,2566.271794871795,331.88749841115293,577.9193258273352,2642.07027972028,0.1,-894.0,0.0,0.6,0.12152190910540686,7.2,8.622222222222224,10.8,0.14715083948085947,0.1517588687750756,0.6508122534036217,0.7180267466059475,0.17336598154962124,115.50477774253314,0.1206362116096065,0.7051530491324278,0.17421073925796565,0.1
35,2094.816858237548,494.6174201079236,632.5711409740462,2029.8150625024189,0.17777777777777776,-598.0,0.0,0.3666666666666667,0.14539528988675468,6.9222222222222225,8.555555555555554,10.455555555555556,0.14681456643863597,0.15017585709683987,0.6774537192013469,0.7106124821924557,0.17239372937814137,90.66555882718505,0.1358508917871868,0.714532802753403,0.14961630545941024,0.1
36,2541.3333333333335,671.8640721710286,803.5379720440233,2623.8260317460317,0.3,-894.0,0.0,0.5,0.15851878453602586,6.3,7.688888888888889,9.566666666666666,0.148033206595689,0.15162553000847467,0.6748483102436755,0.7196238804328989,0.17305188175244915,90.4403512443982,0.12185653299446403,0.6934705526487137,0.1846729143568224,0.1
37,2490.4564102564104,638.4873313409215,815.7003303948733,2722.769743589744,0.3,-888.0,0.0,0.5,0.1559452630847065,6.177777777777777,7.733333333333333,9.366666666666667,0.15058825177519272,0.15268773626666884,0.6739854137968676,0.716505998842059,0.17610483999527052,95.93042520247448,0.13497068395707235,0.6654004368384283,0.1996288792044993,0.1
38,2449.620512820513,496.1740766540378,690.1958034646494,2362.7535300776044,0.16666666666666666,-892.0,0.0,0.5,0.14416917332035079,6.866666666666666,8.511111111111111,10.311111111111112,0.14887818500374722,0.15371658143668845,0.6825610712733281,0.7298072130204706,0.17293559583186366,92.33119156298808,0.1496494301615355,0.6802728348864222,0.1700777349520424,0.1
39,2635.9238095238093,778.5424341295725,857.9343460158939,2629.773907401814,0.36666666666666664,-862.0,0.0,0.6666666666666666,0.18680773279324,5.766666666666667,7.333333333333333,8.81111111111111,0.1481933146769964,0.1524047031551593,0.6572548502183708,0.6965271439285579,0.17667424788194977,83.13130535148063,0.13755974621192013,0.6814858397104774,0.18095441407760246,0.1
40,2580.2095238095235,657.1193910556608,808.6906892040762,2589.683493696696,0.27777777777777773,-866.0,0.0,0.6666666666666666,0.16094124672053695,6.533333333333333,7.866666666666666,9.877777777777776,0.15243012261399003,0.15570189677754753,0.6924490404095114,0.7238575402299906,0.1808066211938474,97.19164271520823,0.1265517681776,0.6970707167795794,0.17637751504282057,0.1
41,1986.4571428571428,502.60041058463236,678.6977894752904,1923.059433070061,0.2,-514.0,0.0,0.375,0.13902405523664407,6.833333333333333,8.311111111111112,10.3,0.15039067828373312,0.15454591407059476,0.6732711196763205,0.7355391810207235,0.17659019115656305,110.27066314209593,0.1379185874195138,0.6831806229294498,0.1789007896510365,0.1
42,2439.8745098039217,783.4809547094798,862.4198612199186,2668.534827264239,0.36666666666666664,-794.0,0.0,0.5,0.15875234360379284,5.844444444444445,7.111111111111111,8.866666666666667,0.1491111069885513,0.15773068028529777,0.6728376453001896,0.7241337724768658,0.17449340566504873,88.55162515922554,0.13146311056093665,0.6894173336057395,0.17911955583332392,0.1
43,2468.2571428571428,426.59808045551324,594.2601255061238,2335.619365079365,0.16666666666666666,-866.0,0.0,0.5,0.1308233361095489,7.211111111111111,8.577777777777778,10.955555555555554,0.15420593996325901,0.15547202269200916,0.7034968402377902,0.7395977473004052,0.1794386980573548,99.97950968176146,0.14864575199742838,0.6559902949090973,0.1953639530934742,0.1
44,2572.137777777778,523.3993056314532,743.46801451166,2456.803383982273,0.18888888888888886,-843.3333333333334,0.0,0.6666666666666666,0.15071344678627063,6.622222222222223,8.11111111111111,10.08888888888889,0.1502473224254158,0.15216797541901475,0.6918322585451782,0.7074020057960505,0.17587484164466377,100.19166529082308,0.14393647292439807,0.6829399120513344,0.17312361502426768,0.1
45,2029.427450980392,434.964770775613,587.2332469235388,1953.0177615393982,0.16666666666666666,-362.0,0.0,0.3333333333333333,0.12543645271731443,6.5,8.0,9.766666666666667,0.1535979811280286,0.15751685366813975,0.687737121212218,0.7541321581543059,0.1804846862619181,98.44548019835973,0.14030404402083246,0.6891380107161216,0.17055794526304602,0.1
46,2470.0285714285715,417.92185732120737,623.1179138866148,2460.373544973545,0.13333333333333333,-868.0,0.0,0.5,0.1489807446603926,6.5,7.955555555555557,9.8,0.14916901728416312,0.1553274594331885,0.6672935870663063,0.7177997134193048,0.17367221118366769,91.7537064454052,0.1427436070641844,0.6952867227265479,0.1619696702092677,0.1
47,2494.128205128205,524.9920069298882,716.0501039875576,2426.974894241561,0.2,-892.0,0.0,0.5,0.14861427366230198,7.188888888888889,8.911111111111113,10.777777777777777,0.15364569927164623,0.15810997012200703,0.7090761385035557,0.754065146628894,0.17833718944786783,102.49554838841303,0.13996857174460814,0.6844705929970506,0.17556083525834118,0.1
48,2572.76,332.26970357794045,623.2427679732745,2796.737142857143,0.1,-970.0,0.0,0.5,0.11807600462571874,6.455555555555557,7.844444444444444,9.733333333333333,0.1559639998843695,0.16101640655513685,0.6913982846145016,0.75847474199772,0.18278926368798312,106.30180214556509,0.14106341120971413,0.6926154812716002,0.16632110751868576,0.1
49,2066.7999999999997,427.83957419396495,623.924328627632,2187.367543859649,0.16666666666666666,-362.6666666666667,0.0,0.3333333333333333,0.12301731586888852,6.722222222222223,8.4,10.111111111111112,0.15835481505484356,0.1643485581902553,0.7246229602914698,0.7874395133374055,0.18472874684550783,100.34401137857367,0.16028253223574487,0.6502924550514625,0.18942501271279258,0.1
50,2031.4020202020201,400.84457348311844,574.7855688129641,1998.201086495204,0.13333333333333333,-382.0,0.0,0.3333333333333333,0.12198858803935715,6.822222222222222,8.333333333333334,10.333333333333334,0.1582649114251726,0.16114890080805602,0.7216158335186676,0.7826478818657283,0.17997023779743268,105.9384134035794,0.1349624062850136,0.6838902054379238,0.18114738827706287,0.1
51,1979.6274509803923,493.51699146687605,661.9001373876073,2058.664391817333,0.2,-362.0,0.0,0.25,0.1340620854112974,6.222222222222223,7.933333333333334,9.47777777777778,0.15696201791629447,0.16238021350674556,0.7145764879061225,0.7601430215528048,0.182590658811522,90.94561727773491,0.1554213275564554,0.6776710723947338,0.1669076000488108,0.1
52,1988.6616509926853,521.5860280017237,671.724637233326,2214.6546334488257,0.23333333333333334,-490.0,0.0,0.3636363636363636,0.15037078812087137,6.333333333333333,8.0,9.5,0.15779100554354983,0.16311338742524792,0.713754161165501,0.7564888824684372,0.18380094652663512,88.44643526481822,0.17060531069017165,0.6278458449713307,0.20154884433849762,0.1
53,2519.786666666667,486.3870647813906,727.0456246257428,2739.768275862069,0.16666666666666666,-962.0,0.0,0.5,0.1445324261093465,6.866666666666666,8.466666666666667,10.366666666666667,0.15519920163573253,0.1584197608301075,0.6863958566029673,0.7837120601178621,0.181268197753193,99.18803518601452,0.17657210738188828,0.6531373727642311,0.1702905198538806,0.1
54,2525.3393939393936,677.1722625974053,826.0943348289203,2440.739821289821,0.27777777777777773,-922.6666666666666,0.0,0.5,0.16207954107405698,6.111111111111112,7.555555555555555,9.166666666666666,0.15974567688490943,0.16081329173585204,0.6969350359437616,0.7653228646438696,0.18384479200731374,93.44400284492515,0.18134915344613128,0.6198771279221843,0.1987737186316844,0.1
55,2051.9548387096775,587.3834462403381,749.0501550948019,2281.26336584146,0.26666666666666666,-434.0,0.0,0.25,0.14488654640752277,5.544444444444443,7.288888888888889,8.422222222222222,0.15913910672472042,0.1659949908439353,0.6704914788976029,0.7746258892110539,0.18743205722154802,86.92521201937463,0.20080779742431154,0.6049259050815116,0.19426629749417698,0.1
56,2694.1777777777775,418.86087890598634,678.1080046307582,2676.1652828652827,0.13333333333333333,-920.0,0.0,0.6666666666666666,0.138910607139445,6.6,7.977777777777778,10.0,0.16251668877805617,0.16055292421945866,0.7228000660033478,0.76060358702196,0.1890419813795607,97.00513877708501,0.19815749243869765,0.6369503608661905,0.1648921466951118,0.1
57,2135.0827878535197,480.3974744857805,673.4775011862366,2085.590173408115,0.17777777777777776,-430.6666666666667,0.0,0.4444444444444444,0.12718818472974727,6.788888888888889,8.288888888888888,10.300000000000002,0.16085810893594008,0.16346794948712734,0.6954536362522383,0.7780223191297247,0.18701057239538976,102.35731050009136,0.1771416949784433,0.6256012476033299,0.19725705741822683,0.1
58,2174.9754497354497,631.5885005886337,728.4085130666499,2066.085747838431,0.26666666666666666,-674.6666666666666,0.3333333333333333,0.4166666666666667,0.15475280364518482,6.611111111111112,7.844444444444445,10.055555555555554,0.16393966746807032,0.16163998413894717,0.7079241461219963,0.7452915620415406,0.18928408743149047,88.37541654027669,0.16601331163321334,0.6546130509223737,0.179373637444413,0.1
59,2659.217094017094,814.7621188447226,897.9913635106755,2883.868945868946,0.36666666666666664,-886.0,0.0,0.7555555555555555,0.19126900063040317,5.8,7.377777777777777,8.755555555555555,0.16201877282914343,0.1582058127713091,0.6828528573486228,0.7133292790933103,0.1879851662031219,78.57356397951334,0.182023265861441,0.6115188659834387,0.20645786815512024,0.1
60,2485.8577777777778,621.0161262624563,805.9256396196924,2398.978054078285,0.23333333333333334,-840.0,0.0,0.5,0.17421334573067274,6.155555555555556,7.911111111111111,9.47777777777778,0.16445945875849097,0.1612258220321526,0.7215893268455641,0.7723231693036688,0.19030446762752612,88.59754724945806,0.14590093034468307,0.6531291610496529,0.20096990860566413,0.1
61,2202.4357864357867,552.7003489519323,663.6358439286944,2111.543820623821,0.25555555555555554,-666.0,0.0,0.4444444444444444,0.15013063275391092,6.488888888888889,8.08888888888889,9.833333333333336,0.16414894150148945,0.1658765119882154,0.7063254052653971,0.794987091864071,0.19190071031058084,93.56113193741776,0.18949849233271182,0.6169960922708599,0.1935054153964281,0.1
62,1988.7916666666667,587.8425018030816,688.576874642912,1947.445634920635,0.26666666666666666,-410.0,0.0,0.25,0.1495704502837211,6.333333333333333,7.844444444444444,9.544444444444446,0.16114460089752647,0.1633861034483354,0.684328156786086,0.7854405880288986,0.18784264930521627,89.33555434256257,0.1475948358052649,0.642331246251039,0.21007391794369626,0.1
63,1951.8392727272728,331.1870035845014,514.651680881465,2020.8655885167466,0.1,-590.0,0.0,0.2727272727272727,0.12223632013529712,6.577777777777778,8.088888888888889,9.888888888888888,0.167051890926056,0.16143857469845488,0.7123597067367595,0.7824487857659892,0.19133156102975665,99.12945435877074,0.1794295534909346,0.5877598331856644,0.23281061332340106,0.1
64,2188.72,357.94785975513076,510.6248357620047,2200.418935298935,0.13333333333333333,-713.3333333333334,0.0,0.375,0.13520148883666022,6.377777777777778,7.844444444444445,9.666666666666666,0.16863161885357345,0.1633639368641746,0.7198450446731446,0.7869332673498948,0.19641772711996974,102.42068942923142,0.16810058058521438,0.6236797957243444,0.20821962369044136,0.1
65,2709.4358974358975,747.9177069206867,885.203066121188,2594.393526803434,0.3,-892.0,0.0,0.8000000000000002,0.20033428791849164,6.022222222222222,7.6,9.122222222222222,0.1698245083939823,0.16186615016820693,0.6956644211892223,0.7715932087987459,0.19627273139955184,84.89143042393663,0.16051170672494539,0.6153489672780487,0.22413932599700595,0.1
66,2540.4666666666667,603.9889357437235,763.3951381776856,2470.387317231139,0.23333333333333334,-812.0,0.0,0.6666666666666666,0.18068944735991724,6.522222222222222,8.11111111111111,9.933333333333334,0.16541831786910097,0.16428984824050144,0.7119034663775659,0.769276180163357,0.18972547068371204,91.50792504675135,0.1620802860275477,0.6038986242890909,0.2340210896833615,0.1
67,2505.885714285714,578.6035465415881,740.8359340807234,2486.549013949014,0.2111111111111111,-860.0,0.0,0.5,0.1649716484466192,6.044444444444445,7.622222222222223,9.1,0.16726654828214135,0.1613604393115736,0.7180970757228134,0.7838631599356525,0.19602919850639186,89.3122121628452,0.1507257839121133,0.6264160329303138,0.22285818315757297,0.1
68,2491.451282051282,922.0930940018868,969.44026241413,2579.7910800310797,0.4,-890.0,0.0,0.5,0.21169949342514374,4.777777777777778,6.2666666666666675,7.2444444444444445,0.169438045696531,0.16425825487603668,0.6960455050953575,0.7229670695335291,0.19704691438814148,79.2460864851583,0.1618188608031318,0.6331395413397833,0.2050415978570848,0.1
69,2425.0285714285715,638.8780659443265,811.5751689849487,2301.493148826482,0.25555555555555554,-868.0,0.0,0.5,0.18596657667205788,5.966666666666667,7.466666666666667,9.07777777777778,0.16795017504687912,0.1634656700986173,0.7170190357074335,0.7907148070841405,0.19331098149363696,91.07888191173546,0.19209414222265,0.5747228804211494,0.23318297735620055,0.1
70,2444.173333333333,751.606608357862,806.4882128465723,2310.5897942386828,0.32222222222222224,-842.0,0.0,0.5,0.18752333444976366,6.211111111111111,7.7555555555555555,9.555555555555555,0.1678758229927098,0.16376811510472838,0.7106136802845849,0.7532776491264424,0.19596200274845202,82.89268836542354,0.18456210581664062,0.6085762679864184,0.20686162619694087,0.1
71,2690.4888888888886,588.3441905842917,766.8841683864954,2914.4812698412698,0.23333333333333334,-916.0,0.0,0.6666666666666666,0.1611231605790441,6.0,7.555555555555555,9.122222222222224,0.17250898056058145,0.1652573066785696,0.75437028288455,0.7687718714193517,0.199729478214019,89.5355374310785,0.1909378876806226,0.6091662795876346,0.19989583273174277,0.1
72,2565.9846153846156,565.3878929239871,793.114318849914,2479.325960813295,0.21111111111111114,-894.0,0.0,0.6,0.14860481612350415,5.822222222222222,7.422222222222222,8.966666666666667,0.17015743893855026,0.16118893488313063,0.7174535320008726,0.7441957702317943,0.19974534983752656,100.37318289484132,0.1653562611781529,0.6213269836923536,0.21331675512949347,0.1
73,2445.657777777778,868.7213920662736,854.100680544239,2327.2079747099856,0.4,-844.0,0.0,0.5,0.18832767724273453,5.5888888888888895,7.111111111111111,8.566666666666666,0.17397871348506516,0.157786139962527,0.7280640168813173,0.7290519671022958,0.20755229365709874,73.64470459970421,0.1906106948070475,0.57979508505691,0.22959422013604255,0.1
74,2135.181818181818,484.2297397543882,634.1000570728427,2020.0898011453567,0.2,-666.0,0.0,0.375,0.1512507055350765,6.377777777777777,8.133333333333333,9.633333333333333,0.17286991546530742,0.16335055105404622,0.7492374676814051,0.7523926748569355,0.20466491062508912,102.95672885638194,0.1758931532872194,0.6130296276114157,0.21107721910136493,0.1
75,2078.6221778221784,703.0707921494613,777.5732498033648,1969.469258383893,0.3333333333333333,-375.3333333333333,0.0,0.3666666666666667,0.16512339814858387,6.2555555555555555,7.866666666666666,9.533333333333333,0.17403176686375946,0.1603860270388213,0.7383760616538672,0.7406374719676955,0.20697722491899218,86.5980438520144,0.20199846038246663,0.5881332269427146,0.2098683126748186,0.1
76,2462.3952380952383,822.4703467279203,812.5875494209724,2341.4826527382083,0.36666666666666664,-868.0,0.0,0.5,0.19955596827350164,5.355555555555554,6.999999999999999,8.077777777777778,0.17440883474922722,0.16133966438909478,0.7188598304209063,0.7537433762783465,0.20961541928672706,79.24692628817556,0.18382215387742523,0.6031254275207103,0.21305241860186447,0.1
77,2232.7777777777783,451.4326626907176,645.8429427844392,2142.369667895437,0.14444444444444443,-456.0,0.0,0.4166666666666667,0.13130203961390302,7.277777777777777,8.844444444444443,11.033333333333333,0.1733199490225448,0.16183326290581895,0.7660593239693302,0.7704391781111012,0.2072911563197172,110.14180407998238,0.1912730640590716,0.5917849698491159,0.2169419660918124,0.1
78,1976.7656565656569,663.9218885440931,708.5248444309399,1875.4253102453106,0.3,-384.0,0.0,0.25,0.15658675820344878,6.744444444444444,8.11111111111111,10.244444444444445,0.1770956224855641,0.16554047814562223,0.7759151088843612,0.8081123448561662,0.20775241910354358,100.64984242794773,0.1999855882422836,0.6148392582186222,0.18517515353909425,0.1
79,2654.479487179487,825.3757898376866,891.4236058343996,2672.628982128982,0.36666666666666664,-888.0,0.0,0.6666666666666666,0.20250838813723224,6.1,7.533333333333333,9.333333333333334,0.17706871536223176,0.16210845786886857,0.7435425730431529,0.7651039190418073,0.21289571953329609,81.48972595181587,0.1731394194948013,0.6014437728887625,0.22541680761643645,0.1
